,price_range
1812,2
352,2
108,1
840,3
415,1
2276,1
1507,0
1278,0
254,1
1650,3
1672,0
1627,1
618,3
2041,1
1071,0
767,1
1875,3
1355,3
1806,0
516,1
354,3
1918,1
9,3
1405,1
1967,3
763,2
1379,1
1129,3
1998,1
1504,3
2247,3
253,2
2033,2
760,1
569,3
1001,1
497,0
305,0
619,1
1177,3
652,3
1274,1
2001,1
1547,3
1338,3
1360,2
28,3
2122,3
480,2
261,2
471,2
2129,2
567,1
18,2
1661,2
830,1
2317,1
351,2
2197,0
1558,1
1726,0
2322,0
1194,2
1854,2
107,3
1926,1
1492,1
1839,1
1783,2
1798,2
1618,0
1318,0
289,1
2303,3
1447,2
2142,0
2128,3
1307,3
493,1
1442,1
1337,0
2099,2
758,3
299,2
1989,1
868,3
668,0
2282,3
155,3
348,3
1821,1
1375,3
1332,3
1362,1
1322,0
997,3
588,2
135,3
398,2
1723,3
156,3
94,1
247,1
1531,0
1688,1
961,1
1470,1
1566,0
564,3
1014,0
1838,2
515,1
2042,2
659,2
2090,0
2005,1
265,3
750,3
2065,3
1050,0
0,3
1479,0
1082,2
2098,0
1345,1
1427,2
889,3
1971,2
958,2
732,0
1146,1
1831,1
1188,2
577,1
809,0
1478,2
2057,1
2309,0
1652,2
423,0
800,2
2095,1
1187,0
593,3
2172,0
1950,3
470,3
318,0
14,2
1101,3
552,2
850,0
1371,3
1628,2
74,3
212,0
1934,2
2298,1
434,0
1560,0
594,2
845,0
2130,2
1097,3
886,3
548,3
329,2
1076,2
287,0
1120,2
2051,0
825,1
1705,0
1350,1
1820,2
943,1
666,3
1330,0
53,1
2232,3
2114,1
1960,0
1169,3
887,2
390,1
1876,2
2139,2
1421,0
2235,3
1496,0
535,0
1576,1
121,3
1505,3
570,3
1066,3
1327,0
1142,1
1484,1
871,0
2026,0
2320,3
1698,1
436,1
2230,0
2096,2
1456,2
1714,3
608,0
1151,1
2216,0
1734,1
901,2
1238,0
1030,2
1240,3
1625,1
1412,0
1488,0
580,2
1637,2
1554,2
334,0
1429,2
1264,0
264,1
236,2
1981,3
2193,0
2066,1
1704,0
1620,3
1059,0
2016,2
1656,2
1633,2
1347,1
613,0
2000,3
1710,2
48,2
818,3
60,0
712,2
188,0
1579,2
2133,3
209,0
1870,2
1294,2
76,1
1546,0
1077,0
353,3
1693,0
1333,3
1054,3
1761,0
714,0
1677,0
1022,3
98,1
1233,0
1642,0
770,0
645,2
954,3
1828,3
132,3
1670,1
1903,2
2180,0
1982,3
742,1
1440,1
987,0
1414,0
683,0
2163,0
1155,2
302,0
601,1
662,3
1772,2
1668,2
2135,1
774,2
917,1
807,3
1249,0
248,2
1107,3
102,3
1824,2
383,1
945,2
2279,3
1604,0
554,2
2106,2
1897,0
2015,1
1972,0
1753,2
82,1
55,3
147,1
2301,3
378,2
753,0
2283,1
575,2
1344,3
1352,2
200,0
2275,3
1719,3
346,3
1247,2
1422,1
542,1
1641,2
2237,3
16,1
1137,1
342,3
616,3
1712,0
1553,2
582,0
2018,0
69,0
1010,1
573,1
468,2
246,0
234,3
1426,3
908,1
2242,1
533,2
2004,1
2190,2
713,2
2313,2
1811,0
2195,0
574,1
2287,3
2196,1
1202,0
743,3
333,0
1173,2
1124,1
1180,1
1481,2
407,3
426,2
10,2
1110,2
22,1
1767,0
443,2
914,2
522,0
1081,3
340,2
330,3
311,2
1533,0
282,1
1793,2
1827,1
250,2
1858,1
1417,1
1877,3
2010,3
2029,3
266,3
1271,1
341,3
1175,3
909,0
801,3
865,0
235,3
2081,2
1550,1
1312,3
1678,2
2259,2
1970,1
2167,2
1847,1
178,3
139,3
1250,3
201,1
680,2
12,2
71,0
2152,2
1608,0
284,1
1925,2
1448,1
440,3
1859,1
906,2
1829,1
214,1
1052,2
1149,1
1570,0
1166,3
1218,0
1088,3
429,1
410,3
747,3
1009,2
776,1
170,0
198,2
841,1
1502,3
1912,1
2273,1
697,2
638,0
948,1
603,2
255,0
459,3
651,1
589,1
1349,1
310,2
1987,0
380,0
167,2
301,1
1304,0
2221,3
1956,1
584,1
40,3
473,0
169,0
226,1
31,0
1991,0
756,3
1917,1
1572,0
1780,2
457,1
826,3
861,1
1720,1
1203,3
447,0
766,3
1340,1
649,1
2305,0
1047,2
2300,0
852,1
748,2
1499,0
648,3
1262,2
2207,1
1346,3
408,2
483,2
675,2
940,3
2020,3
1920,1
1718,1
1133,2
1466,2
257,1
647,1
915,3
270,3
111,1
295,3
1031,0
1495,0
1199,3
1931,3
2030,0
1015,0
189,2
910,2
1611,2
744,2
985,3
583,2
2035,3
1763,2
237,0
1056,0
777,2
276,0
1021,0
1583,0
251,3
1589,2
2291,3
300,3
838,1
1145,3
1157,1
1065,0
371,0
2089,1
1276,1
1282,0
6,0
1683,2
878,2
193,1
1686,3
983,3
615,3
149,1
1324,1
609,0
1086,0
126,0
1782,1
1473,1
722,1
506,2
285,3
1023,2
38,3
1263,0
1927,2
2006,1
2058,0
992,1
894,3
387,1
1617,0
397,3
2123,3
1939,3
1708,1
1272,3
510,0
1007,3
11,1
454,0
1396,1
1562,2
505,3
1460,3
1817,0
274,3
1435,2
1852,1
541,1
1951,1
1559,3
263,1
897,0
1883,0
1267,2
520,2
2198,0
2149,2
1867,0
1359,2
2278,2
1613,1
81,3
947,2
358,2
2177,3
416,0
1689,0
1083,3
806,0
1314,3
950,3
467,0
1791,0
77,1
526,3
2321,3
2007,1
461,0
1822,3
1503,2
1573,3
1548,0
650,0
1092,0
1329,3
2060,2
1990,0
372,3
1095,0
1409,1
1474,2
1450,0
785,3
921,3
934,2
1850,1
2290,0
64,3
424,0
1813,0
1441,3
1384,0
563,0
1032,1
375,0
1461,1
4,0
489,3
2116,2
124,1
61,2
1836,0
949,1
2137,2
221,1
866,0
999,2
233,3
1764,3
1410,1
356,2
153,2
68,0
2227,1
637,1
1529,0
761,2
105,2
1102,1
1751,2
2208,3
2091,1
628,3
203,0
553,3
1006,2
1159,2
79,1
419,2
23,3
1908,1
1963,3
978,3
960,1
298,1
924,1
556,0
2246,0
665,0
2024,1
1067,3
1037,0
1244,2
191,1
339,1
1134,3
1702,2
2069,0
639,3
1482,2
1682,0
1837,3
1380,2
600,2
1537,2
1614,2
227,1
544,2
1063,0
1297,3
1509,2
1419,1
26,2
2087,3
1070,1
798,0
1673,2
313,2
